[
{
  "model": "blog.user",
  "pk": 1,
  "fields": {
    "password": "!HhGONXjkfRLTcRwbH7HWAmB1II4e9VGesE0tc49X",
    "is_superuser": false,
    "uuid": "dd85ac4b-ae86-4780-b10b-fe3bb728afdd",
    "email": "AnonymousUser",
    "username": "",
    "is_staff": false,
    "is_active": true,
    "last_login": null,
    "date_joined": "2021-03-13T13:48:23.278Z",
    "photo": "",
    "groups": [],
    "user_permissions": []
  }
},
{
  "model": "blog.user",
  "pk": 2,
  "fields": {
    "password": "pbkdf2_sha256$216000$CJEGmyHanSSL$LwQKvWda4l8+bHhoORORVO3Sb4r7OZa5iC8pPJcoOqo=",
    "is_superuser": true,
    "uuid": "cce06edc-8636-4375-b61e-5959b5c6eac6",
    "email": "admin@bloggernator.com",
    "username": "admin",
    "is_staff": true,
    "is_active": true,
    "last_login": "2021-03-16T23:22:29.477Z",
    "date_joined": "2021-03-07T22:47:08.746Z",
    "photo": "",
    "groups": [],
    "user_permissions": []
  }
},
{
  "model": "blog.user",
  "pk": 3,
  "fields": {
    "password": "pbkdf2_sha256$216000$CJEGmyHanSSL$LwQKvWda4l8+bHhoORORVO3Sb4r7OZa5iC8pPJcoOqo=",
    "is_superuser": false,
    "uuid": "09ab8a1c-ef84-4681-93c9-a7fb1e97f94a",
    "email": "jason.reinhar@bloggernator.com",
    "username": "jason.reinhar",
    "is_staff": false,
    "is_active": true,
    "last_login": "2021-03-07T22:47:47.813Z",
    "date_joined": "2021-03-07T22:47:08.746Z",
    "photo": "",
    "groups": [],
    "user_permissions": []
  }
},
{
  "model": "blog.user",
  "pk": 4,
  "fields": {
    "password": "pbkdf2_sha256$216000$CJEGmyHanSSL$LwQKvWda4l8+bHhoORORVO3Sb4r7OZa5iC8pPJcoOqo=",
    "is_superuser": false,
    "uuid": "4d7cd81f-c413-41e7-99db-e5e04ae089b2",
    "email": "karen.lowman@bloggernator.com",
    "username": "karen.lowman",
    "is_staff": false,
    "is_active": true,
    "last_login": "2021-03-07T22:47:47.813Z",
    "date_joined": "2021-03-07T22:47:08.746Z",
    "photo": "",
    "groups": [],
    "user_permissions": []
  }
},
{
  "model": "blog.user",
  "pk": 5,
  "fields": {
    "password": "pbkdf2_sha256$216000$CJEGmyHanSSL$LwQKvWda4l8+bHhoORORVO3Sb4r7OZa5iC8pPJcoOqo=",
    "is_superuser": false,
    "uuid": "5cff2f09-1d8a-4ad6-ab73-4b23a991861c",
    "email": "barbara.taylor@bloggernator.com",
    "username": "barbara.taylor",
    "is_staff": false,
    "is_active": true,
    "last_login": "2021-03-07T22:47:47.813Z",
    "date_joined": "2021-03-07T22:47:08.746Z",
    "photo": "",
    "groups": [],
    "user_permissions": []
  }
},
{
  "model": "blog.community",
  "pk": 1,
  "fields": {
    "uuid": "41834ea0-e06d-4ae2-8aa6-445736edf823",
    "owner": 1,
    "slug": "bloggernator",
    "detail": "Bloggernator Group",
    "created_at": "2021-03-14T13:52:03.293Z",
    "members": [
      3,
      4,
      5
    ]
  }
},
{
  "model": "blog.community",
  "pk": 2,
  "fields": {
    "uuid": "8b547291-8c69-49ca-8501-2a4e3e127a99",
    "owner": 3,
    "slug": "acme-corporation",
    "detail": "This diabolical Looney Tunes mega-corp responsible for falling anvils and other humorous disasters has created some of our best memories of cartoon mischief. In the show, Acme Corp",
    "created_at": "2021-03-16T18:53:55.382Z",
    "members": []
  }
},
{
  "model": "blog.community",
  "pk": 3,
  "fields": {
    "uuid": "42f28997-cc8c-4d3f-9782-1b2cbc671e8e",
    "owner": 3,
    "slug": "globex-corporation",
    "detail": "Nothing says, \"nonspecific international company serving the needs of consumers through service and synergy\" like Globex. According to the official Simpsons Wikipedia, the mission",
    "created_at": "2021-03-16T18:54:48.635Z",
    "members": []
  }
},
{
  "model": "blog.community",
  "pk": 4,
  "fields": {
    "uuid": "4c6eb217-2ac6-4c8c-ae5a-8c5769e742d8",
    "owner": 3,
    "slug": "soylent-corp",
    "detail": "Had Soylent Corp not inspired a real-life brand name of nutritional supplement and viral sensation, it wouldn't have made this list. But the genius of fictitious names often lies i",
    "created_at": "2021-03-16T18:55:02.525Z",
    "members": []
  }
},
{
  "model": "blog.community",
  "pk": 5,
  "fields": {
    "uuid": "6fcb4484-915e-4f7a-98e6-8e2ddec0867e",
    "owner": 3,
    "slug": "initech",
    "detail": "A veteran namer could break this down upon first sight: \"ini\" - innovation, \"tech\" - technology. And then suddenly, Initech reveals itself as a redundant and meaningless moniker, d",
    "created_at": "2021-03-16T18:55:10.166Z",
    "members": []
  }
},
{
  "model": "blog.community",
  "pk": 6,
  "fields": {
    "uuid": "e343bfc4-79a5-434d-ba33-62644030a624",
    "owner": 3,
    "slug": "umbrella-corporation",
    "detail": "In the Resident Evil Universe, there's Umbrella Corporation. This bioengineering pharmaceutical company and laboratory is equal parts science fiction and grim reality. Its slogan p",
    "created_at": "2021-03-16T18:55:23.690Z",
    "members": []
  }
},
{
  "model": "blog.community",
  "pk": 7,
  "fields": {
    "uuid": "df8f0054-465c-4a6a-a825-02bda8457111",
    "owner": 3,
    "slug": "hooli",
    "detail": "The HBO hit series Silicon Valley's Hooli coyly smacks of the signature sound and feel we can't quite put our fingers on: that goofy yet apt naming convention of mega-tech companie",
    "created_at": "2021-03-16T18:55:33.637Z",
    "members": []
  }
},
{
  "model": "blog.community",
  "pk": 8,
  "fields": {
    "uuid": "e4198cd1-543d-4656-9d92-a42d806d0729",
    "owner": 3,
    "slug": "vehement-capital-partners",
    "detail": "Vehement says intense, passionate, insistent; it's a word for describing an argument or an artistic platform. It's not what we'd typically associate with a New York hedge fund, and",
    "created_at": "2021-03-16T18:55:42.999Z",
    "members": []
  }
},
{
  "model": "blog.community",
  "pk": 9,
  "fields": {
    "uuid": "8490fb02-8e17-4670-8bc1-7eba1b8d7553",
    "owner": 3,
    "slug": "massive-dynamic",
    "detail": "This is a name so good we wish we'd come up with it first. But alas, the science fiction TV drama Fringe beat us to it and created Massive Dynamic, the ultimate conglomerate. Massi",
    "created_at": "2021-03-16T18:55:55.569Z",
    "members": []
  }
},
{
  "model": "blog.community",
  "pk": 10,
  "fields": {
    "uuid": "7fa386e4-2782-40d4-a349-fcca6eff85b0",
    "owner": 3,
    "slug": "ollivanders-wand-shop",
    "detail": "Found in the secretive magic marketplace of Diagon Alley in London, Ollivanders has been providing quality magic wands to young witches and wizards for centuries. A young Harry Pot",
    "created_at": "2021-03-16T18:56:47.979Z",
    "members": []
  }
},
{
  "model": "blog.community",
  "pk": 11,
  "fields": {
    "uuid": "7cd3ce2b-a32e-4562-a2e6-28bbdf88bd89",
    "owner": 4,
    "slug": "gekko-and-co",
    "detail": "That was one of the catchphrases of Gordon Gekko, the founder and CEO of the fictional Gekko and Co. financial investment company from the movie Wall Street. The company hires youn",
    "created_at": "2021-03-16T18:56:58.308Z",
    "members": []
  }
},
{
  "model": "blog.community",
  "pk": 12,
  "fields": {
    "uuid": "fa8723e9-09f9-4163-af6e-d6bc76ba2434",
    "owner": 4,
    "slug": "wonka-candy-company",
    "detail": "Willy Wonka and his mysterious candy factory are the source of much intrigue. Who wouldn't be curious about an eccentric genius candy manufacturer who never leaves the factory, but",
    "created_at": "2021-03-16T18:57:10.349Z",
    "members": []
  }
},
{
  "model": "blog.community",
  "pk": 13,
  "fields": {
    "uuid": "79d88504-42a6-49c2-9796-60bb481ec2f5",
    "owner": 4,
    "slug": "cheers",
    "detail": "Cheers ran for 11 seasons and 275 total episodes. Not bad for a simple sitcom about a bunch of bar regulars from Boston. The show helped launch the careers of Ted Danson, Rhea Perl",
    "created_at": "2021-03-16T18:57:21.412Z",
    "members": []
  }
},
{
  "model": "blog.community",
  "pk": 14,
  "fields": {
    "uuid": "0cafdf9f-4a58-4c3a-ba2a-ada3b97a5fc8",
    "owner": 4,
    "slug": "callister-inc",
    "detail": "There's plenty of interesting fictional companies in Black Mirror, from the people who designed the killer robodogs in \"Metalhead\" to those who make the personal PVR called a Grain",
    "created_at": "2021-03-16T18:57:33.063Z",
    "members": []
  }
},
{
  "model": "blog.community",
  "pk": 15,
  "fields": {
    "uuid": "0710858c-a757-45e2-8777-a9bf9eedc7de",
    "owner": 4,
    "slug": "the-krusty-krab",
    "detail": "Although it may seem like just another fast food joint at the bottom of the sea, the Krusty Krab is actually one of the crown jewels of Bikini Bottom. Founded and owned by Eugene H",
    "created_at": "2021-03-16T18:57:42.935Z",
    "members": []
  }
},
{
  "model": "blog.community",
  "pk": 16,
  "fields": {
    "uuid": "07d84abc-e0b3-48e3-a5f6-56ab3f0b0ba1",
    "owner": 4,
    "slug": "good-burger",
    "detail": "\"Welcome to Good Burger, home of the Good Burger. Can I take your order?\"  The titular restaurant of the 1997 Nickelodeon comedy film is nothing more than a standard fast food join",
    "created_at": "2021-03-16T18:57:52.001Z",
    "members": []
  }
},
{
  "model": "blog.community",
  "pk": 17,
  "fields": {
    "uuid": "b961e47a-a294-429b-a6c0-9a2aa91f9cc2",
    "owner": 4,
    "slug": "weyland-yutani-corporation",
    "detail": "If you've ever wondered who keeps funding all those missions to space to track down Xenomorphs in the Alien franchise, it's the Weyland-Yutani Corporation. As the name implies, it'",
    "created_at": "2021-03-16T18:58:01.809Z",
    "members": []
  }
},
{
  "model": "blog.community",
  "pk": 18,
  "fields": {
    "uuid": "213aba65-4daa-4f46-b351-be7bb8e7b97e",
    "owner": 4,
    "slug": "burns-industries",
    "detail": "Charles Montgomery Burns is the richest man in Springfield, owing his large fortune to the vast array of companies he owns. Obviously the Springfield Nuclear Plant is his main busi",
    "created_at": "2021-03-16T18:58:11.879Z",
    "members": []
  }
},
{
  "model": "blog.community",
  "pk": 19,
  "fields": {
    "uuid": "6e293908-deaa-4665-b7ba-ec963e684bdf",
    "owner": 4,
    "slug": "buy-n-large",
    "detail": "Buy n Large started as a retail giant in the Pixar universe, similar to WalMart. In the futuristic film Wall-E, set in the year 2805, Earth's obsession with consumerism, combined w",
    "created_at": "2021-03-16T18:58:20.848Z",
    "members": []
  }
},
{
  "model": "blog.community",
  "pk": 20,
  "fields": {
    "uuid": "d0bea151-dd52-4767-9376-8e2bcf218ac3",
    "owner": 4,
    "slug": "paper-street-soap-company",
    "detail": "Luxury department store soap sellers by day, social vigilantes and agents of chaos by night. The company owned and operated by Tyler Durden in Fight Club specializes in recipes for",
    "created_at": "2021-03-16T18:58:33.943Z",
    "members": []
  }
},
{
  "model": "blog.community",
  "pk": 21,
  "fields": {
    "uuid": "0b67c522-91ec-4440-b585-c2d7237a9cc9",
    "owner": 4,
    "slug": "men-in-black",
    "detail": "Much like the very real FBI or CIA, the organization known as MiB has far reaching powers. They are in charge of approving and monitoring all extra-terrestrial life on Earth. Notab",
    "created_at": "2021-03-16T18:58:41.308Z",
    "members": []
  }
},
{
  "model": "blog.community",
  "pk": 22,
  "fields": {
    "uuid": "01492cf4-393e-4b87-bdbf-8bf3a6e3aef0",
    "owner": 4,
    "slug": "brawndo",
    "detail": "In the movie , a U.S. Army librarian is sent 500 years into the future during an accidental test of suspended animation. When he awakens, he finds himself the smartest man on the p",
    "created_at": "2021-03-16T18:58:53.107Z",
    "members": []
  }
},
{
  "model": "blog.community",
  "pk": 23,
  "fields": {
    "uuid": "2d83bcdb-c41e-4ee2-9a1b-04984418ca35",
    "owner": 4,
    "slug": "aperture-science-inc",
    "detail": "The experimental physics research facility exists in the Valve video game universes of Half-Life and Portal. The company was founded by charismatic visionary Cave Johnson and went",
    "created_at": "2021-03-16T18:59:01.359Z",
    "members": []
  }
},
{
  "model": "blog.community",
  "pk": 24,
  "fields": {
    "uuid": "e740f419-b26a-4b11-8a29-e6227dcaae1a",
    "owner": 4,
    "slug": "monsters-inc",
    "detail": "Another Pixar company makes our list, and this one had a whole movie made about it. In the world that exists on the other side of the closet doors of children, monsters have their",
    "created_at": "2021-03-16T18:59:11.994Z",
    "members": []
  }
},
{
  "model": "blog.community",
  "pk": 25,
  "fields": {
    "uuid": "0b04a432-4908-4d8a-843a-145ecec2faf1",
    "owner": 4,
    "slug": "cyberdyne-systems",
    "detail": "Cyberdyne develops advanced technologies to be used by the United States Defense Department in the Terminator franchise. However, they were also accidentally responsible for releas",
    "created_at": "2021-03-16T18:59:21.116Z",
    "members": []
  }
},
{
  "model": "blog.community",
  "pk": 26,
  "fields": {
    "uuid": "b2655540-19d5-4292-a518-16c88fa780c6",
    "owner": 4,
    "slug": "los-pollos-hermanos",
    "detail": "Los Pollos Hermanos is a fried chicken fast-food place owned by Gustavo Fring in the  and Better Call Saul universes. While it is sometimes used to launder money from illegal meth",
    "created_at": "2021-03-16T18:59:31.593Z",
    "members": []
  }
},
{
  "model": "blog.community",
  "pk": 27,
  "fields": {
    "uuid": "3427bf7b-0851-45e1-904e-18056f2a93c8",
    "owner": 4,
    "slug": "planet-express-inc",
    "detail": "Most of the time, Planet Express is a simple delivery company. Founded by 's Professor Hubert J. Farnsworth so it could help fund his wacky scientific research projects, Planet Exp",
    "created_at": "2021-03-16T18:59:56.620Z",
    "members": []
  }
},
{
  "model": "blog.community",
  "pk": 28,
  "fields": {
    "uuid": "75bb8b1c-640a-431c-b865-f73c29ba43c5",
    "owner": 4,
    "slug": "ingen",
    "detail": "International Genetics Incorporated is a bioengineering firm that made a scientific breakthrough in the genetic cloning of extinct animals. That is a truly remarkable achievement!",
    "created_at": "2021-03-16T19:00:05.008Z",
    "members": []
  }
},
{
  "model": "blog.community",
  "pk": 29,
  "fields": {
    "uuid": "0e9131a2-634e-4ce7-a423-65c5b75e1cda",
    "owner": 4,
    "slug": "stark-industries",
    "detail": "These two are almost the same company in completely different universes. Stark Industries is headed up by billionaire playboy Tony Stark (aka Iron Man), while Wayne Enterprises is",
    "created_at": "2021-03-16T19:00:18.219Z",
    "members": []
  }
},
{
  "model": "blog.community",
  "pk": 30,
  "fields": {
    "uuid": "1abd257b-6da9-4f8e-985d-b3d12792d3dc",
    "owner": 4,
    "slug": "wayne-enterprises",
    "detail": "These two are almost the same company in completely different universes. Stark Industries is headed up by billionaire playboy Tony Stark (aka Iron Man), while Wayne Enterprises is",
    "created_at": "2021-03-16T19:00:22.977Z",
    "members": []
  }
},
{
  "model": "blog.language",
  "pk": 1,
  "fields": {
    "uuid": "81f35841-edfd-45c4-a6cf-ebe34d7e26ac",
    "name": "English",
    "slug": "english"
  }
},
{
  "model": "blog.language",
  "pk": 2,
  "fields": {
    "uuid": "c42baaf7-8b0c-4c2a-842f-0d84b6283c39",
    "name": "Español",
    "slug": "spanish"
  }
},
{
  "model": "blog.language",
  "pk": 3,
  "fields": {
    "uuid": "ef0568cd-5e32-4d8a-a6fa-7dbfc761dbe6",
    "name": "Português",
    "slug": "portuguese"
  }
},
{
  "model": "blog.language",
  "pk": 4,
  "fields": {
    "uuid": "65b70eae-313b-47c0-8839-756659d4fc18",
    "name": "Deutsch",
    "slug": "german"
  }
},
{
  "model": "blog.language",
  "pk": 5,
  "fields": {
    "uuid": "cc98441c-9c6b-48ba-a3df-e4e32529323e",
    "name": "Français",
    "slug": "french"
  }
},
{
  "model": "blog.language",
  "pk": 6,
  "fields": {
    "uuid": "94f71439-b01e-4de1-bee7-862db1a8d297",
    "name": "Italiano",
    "slug": "italian"
  }
},
{
  "model": "blog.tag",
  "pk": 1,
  "fields": {
    "uuid": "4a408eff-7f22-44df-aa48-d3947321d6e8",
    "name": "Animals",
    "slug": "animals"
  }
},
{
  "model": "blog.tag",
  "pk": 2,
  "fields": {
    "uuid": "3a613c48-dcb0-4b76-8362-af3cfce85141",
    "name": "Architecture",
    "slug": "architecture"
  }
},
{
  "model": "blog.tag",
  "pk": 3,
  "fields": {
    "uuid": "62f5a3b2-bf61-40ca-80f6-6eb433852b3b",
    "name": "Arts",
    "slug": "arts"
  }
},
{
  "model": "blog.tag",
  "pk": 4,
  "fields": {
    "uuid": "66203996-22dc-4cec-bcf8-5819a3faeec0",
    "name": "Books",
    "slug": "books"
  }
},
{
  "model": "blog.tag",
  "pk": 5,
  "fields": {
    "uuid": "e5ee38d1-6c3a-4e2b-9e03-a7ebc3e220ee",
    "name": "Computing",
    "slug": "computing"
  }
},
{
  "model": "blog.tag",
  "pk": 6,
  "fields": {
    "uuid": "a8a9a37a-ffc2-49e3-92d9-3b080d8ce030",
    "name": "Culture",
    "slug": "culture"
  }
},
{
  "model": "blog.tag",
  "pk": 7,
  "fields": {
    "uuid": "9e4ee823-314c-4119-a89a-2cb6b5459000",
    "name": "Economy",
    "slug": "economy"
  }
},
{
  "model": "blog.tag",
  "pk": 8,
  "fields": {
    "uuid": "f3408aa5-3b2b-4097-b4e8-b5939fff3944",
    "name": "Energy",
    "slug": "energy"
  }
},
{
  "model": "blog.tag",
  "pk": 9,
  "fields": {
    "uuid": "9494e296-ad93-4f6e-8ddb-2ce779bed415",
    "name": "Food",
    "slug": "food"
  }
},
{
  "model": "blog.tag",
  "pk": 10,
  "fields": {
    "uuid": "892600a5-51b4-45c3-8391-a33811d89a93",
    "name": "Games",
    "slug": "games"
  }
},
{
  "model": "blog.tag",
  "pk": 11,
  "fields": {
    "uuid": "644d6910-73a6-4fc5-b1c4-03f0b86aa283",
    "name": "Garden",
    "slug": "garden"
  }
},
{
  "model": "blog.tag",
  "pk": 12,
  "fields": {
    "uuid": "ae5c0ecb-4d20-4ca1-bb9e-c162ae86dd47",
    "name": "Health",
    "slug": "health"
  }
},
{
  "model": "blog.tag",
  "pk": 13,
  "fields": {
    "uuid": "1be57181-a11e-4014-a85e-3052e47fd9d6",
    "name": "Internet",
    "slug": "internet"
  }
},
{
  "model": "blog.tag",
  "pk": 14,
  "fields": {
    "uuid": "589c9fab-876b-4cf8-8c17-5b86211b1059",
    "name": "Languages",
    "slug": "languages"
  }
},
{
  "model": "blog.tag",
  "pk": 15,
  "fields": {
    "uuid": "c91ec152-a71e-410e-a114-e19ccdbf45db",
    "name": "Media",
    "slug": "media"
  }
},
{
  "model": "blog.tag",
  "pk": 16,
  "fields": {
    "uuid": "23f94c7c-1f67-4f9d-8e87-c6f44cb2aac8",
    "name": "Cinema",
    "slug": "cinema"
  }
},
{
  "model": "blog.tag",
  "pk": 17,
  "fields": {
    "uuid": "7d80ede6-afaf-4958-8a91-fd4c3d196168",
    "name": "Music",
    "slug": "music"
  }
},
{
  "model": "blog.tag",
  "pk": 18,
  "fields": {
    "uuid": "cc2e3886-7412-40b8-9d00-22a06e6c47bc",
    "name": "Plants",
    "slug": "plants"
  }
},
{
  "model": "blog.tag",
  "pk": 19,
  "fields": {
    "uuid": "c493300c-dfb3-4fc1-a884-6f24d8b30c71",
    "name": "Religion",
    "slug": "religion"
  }
},
{
  "model": "blog.tag",
  "pk": 20,
  "fields": {
    "uuid": "22578888-6d77-49e7-a057-e7390b033a9e",
    "name": "Sports",
    "slug": "sports"
  }
},
{
  "model": "blog.tag",
  "pk": 21,
  "fields": {
    "uuid": "31f91205-9f2c-4e14-a2b1-875b145b23a0",
    "name": "Technology",
    "slug": "technology"
  }
},
{
  "model": "blog.tag",
  "pk": 22,
  "fields": {
    "uuid": "bf3f2bf9-4f1f-48ec-badc-2d4b5438f053",
    "name": "Travel",
    "slug": "travel"
  }
},
{
  "model": "blog.tag",
  "pk": 23,
  "fields": {
    "uuid": "40bed8ac-9b0b-4ad3-bc18-afa4b793cb5f",
    "name": "Wellness",
    "slug": "wellness"
  }
},
{
  "model": "blog.post",
  "pk": 1,
  "fields": {
    "uuid": "5fc757ba-e7ab-4ed0-8b6f-10e8eb2232e6",
    "title": "Testing",
    "slug": "testing",
    "body": "Lorem ipsum dolor sit amet, consectetur adipiscing elit. Duis ut justo metus. ",
    "abstract": "Lorem ipsum dolor sit amet, consectetur adipiscing elit. Duis ut justo metus.",
    "author": 3,
    "language": 1,
    "community": 1,
    "is_public": true,
    "created_at": "2021-03-11T13:21:32.560Z",
    "updated_at": "2021-03-11T13:21:32.560Z",
    "tags": [
      23
    ],
    "contributors": [
      4,
      5
    ]
  }
},
{
  "model": "blog.post",
  "pk": 2,
  "fields": {
    "uuid": "546978e7-10bb-4d01-8669-2019287c93e0",
    "title": "Testing 2 ",
    "slug": "testing-2",
    "body": "Lorem ipsum dolor sit amet, consectetur adipiscing elit. ",
    "abstract": "Lorem ipsum dolor sit amet, consectetur adipiscing elit. Duis ut justo metus.",
    "author": 3,
    "language": 1,
    "community": 1,
    "is_public": true,
    "created_at": "2021-03-11T13:21:32.560Z",
    "updated_at": "2021-03-11T13:21:32.560Z",
    "tags": [
      3
    ],
    "contributors": [
      5
    ]
  }
},
{
  "model": "blog.post",
  "pk": 3,
  "fields": {
    "uuid": "847b44b5-e76c-4209-a116-2988f6b1a628",
    "title": "Testing 3 ",
    "slug": "testing-3",
    "body": "Lorem ipsum dolor sit amet, consectetur adipiscing elit. ",
    "abstract": "Lorem ipsum dolor sit amet, consectetur adipiscing elit. Duis ut justo metus.",
    "author": 4,
    "language": 1,
    "community": 1,
    "is_public": true,
    "created_at": "2021-03-11T13:21:32.560Z",
    "updated_at": "2021-03-11T13:21:32.560Z",
    "tags": [
      3
    ],
    "contributors": []
  }
},
{
  "model": "blog.post",
  "pk": 4,
  "fields": {
    "uuid": "d3a7b7b3-81f7-4157-b79c-b19f10d73d7a",
    "title": "Testing 4 ",
    "slug": "testing-4",
    "body": "Lorem ipsum dolor sit amet, consectetur adipiscing elit. ",
    "abstract": "Lorem ipsum dolor sit amet, consectetur adipiscing elit. Duis ut justo metus.",
    "author": 3,
    "language": 1,
    "community": 1,
    "is_public": true,
    "created_at": "2021-03-11T13:21:32.560Z",
    "updated_at": "2021-03-11T13:21:32.560Z",
    "tags": [
      23
    ],
    "contributors": [
      4
    ]
  }
},
{
  "model": "blog.post",
  "pk": 5,
  "fields": {
    "uuid": "ffa0c48a-1d30-41ba-90d6-91412bdaf04c",
    "title": "Testing 5 ",
    "slug": "testing-5",
    "body": "Lorem ipsum dolor sit amet, consectetur adipiscing elit. ",
    "abstract": "Lorem ipsum dolor sit amet, consectetur adipiscing elit. Duis ut justo metus.",
    "author": 5,
    "language": 2,
    "community": 1,
    "is_public": true,
    "created_at": "2021-03-11T13:21:32.560Z",
    "updated_at": "2021-03-11T13:21:32.560Z",
    "tags": [
      4
    ],
    "contributors": []
  }
}
]
